Mast,MATHE7
130,4120904
130,8306099
130,2004204
130,1208334
130,2627061
130,3643407
130,5310647
130,6529020
130,9561240
130,2623980
130,5872556
130,1872889
130,4531552
130,1940863
130,3518072
130,8587428
130,3515324
130,5178060
130,7483636
130,8639818
130,1860718
130,4158544
130,1598068
130,4829547
130,4987823
130,1278956
130,1613845
130,2403805
130,4531429
130,1581084
130,3040475
130,8617554
130,3277289
130,8267570
130,2531324
130,9560894
130,4037211
130,4104526
130,4457539
130,4926308
130,5850406
130,4038912
130,5366773
130,5369798
130,1865269
130,4117714
130,5293605
130,6247960
130,2104394
130,2347895
130,4648356
130,3291086
130,4020773
130,5451342
130,8587668
130,8722539
130,2330471
130,3616659
130,4057540
130,4158809
130,2883560
130,3518305
130,6739442
130,6257888
130,6905795
130,2980687
130,8616215
130,1854098
130,3023936
130,3441942
130,4157751
130,5083485
130,5281887
130,1956372
130,2401635
130,4864255
130,5178694
130,5789970
130,5450406
130,1600522
130,2904809
130,2994412
130,5485980
130,4159433
130,4508251
133,1865721
133,3148503
133,3625696
133,5003516
133,8255993
133,6166117
133,3140027
133,8638975
133,331120
133,9561292
133,1474931
133,2895766
133,5084851
133,8876050
133,3149078
133,3145986
133,8853605
133,5609979
133,8409151
133,3771295
133,4927077
133,7062519
133,2325008
133,2586952
133,4879009
133,3834806
133,5609508
133,429391
133,1475240
133,3145361
133,706691
133,1752007
133,2007237
133,7508000
133,3641823
133,2334005
133,2362449
133,3642650
133,3456617
133,2318571
133,3350961
133,5452010
133,73718
133,707133
133,4651950
134,4440757
134,4298478
134,5105500
134,1900929
134,4102453
134,4175663
134,1399350
134,3321134
134,3637736
134,4298390
134,4623485
134,5687188
134,5687426
134,8266916
134,3195348
134,3368332
134,3009394
134,3367210
134,5484752
134,831748
134,4941081
134,2586555
134,3659181
134,2102801
134,2003850
134,4147636
134,4940674
134,2564519
134,3310753
134,3185700
134,3693861
134,4298591
134,4981186
134,8267243
134,2364755
134,3245235
134,4055262
134,4055436
134,3400154
134,1788044
134,3626879
134,4594123
134,5687637
134,3636580
134,5687790
134,3759773
134,7993557
134,8603083
134,3639356
134,3744369
134,3659343
134,4122798
134,9546782
134,1788047
134,5051928
134,5791058
136,4385304
136,9757430
136,4547502
136,4600633
136,431749
136,1488168
136,2898058
136,2937757
136,3042525
136,4154017
136,6065121
136,7396683
136,1488173
136,5210413
136,9757057
136,4153188
136,6663670
136,2054211
136,6419807
136,3639845
136,7397857
136,1488171
136,1829852
136,1018822
136,1488172
136,2110648
136,2617606
136,432327
136,4154462
136,5303768
136,7414265
136,8451683
136,3889211
136,6467364
136,9326272
136,4153571
136,7531792
136,8064196
136,1487649
136,3222636
136,4547033
136,2149895
136,1832292
136,574426
136,3225875
136,3426177
136,8010892
141,6257005
141,8996642
141,3700033
141,4899824
141,4511358
141,3774543
141,6928901
141,3774617
141,4311163
141,5309733
141,5973320
141,7982114
141,6571395
141,8087613
141,9340351
141,7387487
141,7696760
141,3676783
141,5911830
141,6261596
141,7002934
141,7671742
141,7190242
141,8250356
141,8468938
141,3484578
141,4418681
141,6257451
141,4387767
141,4734622
141,5084617
141,7671741
141,8361095
141,236806
141,847996
141,1220108
141,6937500
141,7855660
141,1868899
141,7207820
141,8711819
141,9256848
141,403251
141,4093935
141,9780021
141,5760214
141,3778629
141,4293800
141,4952378
141,5206307
141,7272392
141,7743632
141,8863754
141,3228665
141,3676635
141,4928534
141,4542775
141,4796634
141,8638999
141,9067112
141,4882813
141,7455486
141,753504
141,1993038
141,4026986
141,1321106
141,12733
141,4441997
141,4568558
141,5760249
141,403163
141,955070
141,1320887
141,2638574
141,4889546
141,8599287
141,5164160
141,8610441
141,2589340
141,1991806
141,5120282
141,7671708
141,3701906
141,5911652
141,8020999
141,4163723
141,5222653
141,3778321
141,4924996
141,161419
141,4093506
141,6195163
141,7580007
141,5675711
141,8639249
141,1266341
141,1603734
141,6114258
141,2343906
141,5133049
141,5164909
141,6257704
141,4379362
141,4380615
141,7272949
141,7305141
151,1313363
151,2329494
151,2531977
151,5003634
151,6104758
151,9676464
151,1146618
151,2087170
151,2323255
151,2750343
151,4910742
151,6261834
151,11882
151,1549100
151,4355690
151,332690
151,2391961
151,2664629
151,3982443
151,4818903
151,4867435
151,8306816
151,1708628
151,1984282
151,3114291
151,3505448
151,4356768
151,6384329
151,1850390
151,3235779
151,4138372
151,4353713
151,7855564
151,8157546
151,9281582
151,3303545
151,4084930
151,5163012
151,1549103
151,2901799
151,3515549
151,4103314
151,4104169
151,4151763
151,4687664
151,4958445
151,2941694
151,3914592
151,5326789
151,6708834
151,2534943
151,3605652
151,4572690
151,5607648
151,6105765
151,6627266
151,3975430
151,4450708
151,4843274
151,5966838
151,6708840
151,2594211
151,4104254
151,7693687
151,1000246
151,1555085
151,1856436
151,2313327
151,3010474
151,3768022
151,5240692
151,7217484
151,8213629
151,9107747
151,3481969
151,6085692
151,1979733
151,3932218
151,6529455
151,7241132
151,3249704
151,3328747
151,3745307
151,4363073
151,5280060
151,6773260
151,9106588
151,331943
151,2593298
151,3154343
151,3509261
151,3672901
151,5035620
151,998664
151,2594167
151,2662262
151,3006930
151,4101393
151,5756758
151,6708837
151,9622557
151,1547561
151,3718375
151,4041141
151,5721230
151,2251555
151,4154445
151,6836246
151,8221258
151,14617
151,998665
151,2310447
151,5326489
151,1403
151,208510
151,3150063
151,3779239
151,7129918
151,7568417
151,9627385
151,1671476
151,1775659
151,3617853
151,4433777
151,5487850
151,2035536
151,4591858
151,5240131
151,8344910
151,8592372
151,1577777
151,3433149
151,8637259
151,1578529
151,1854234
151,998663
151,2392160
151,3151004
151,4842696
151,19523
151,2312237
151,4839002
151,4910228
151,5577866
151,6119704
151,3006173
151,4658921
151,1402053
151,2316717
151,2514906
151,4355038
151,2683282
151,2687047
151,3250400
151,8345268
151,8461263
151,8933679
151,4451492
151,5289501
151,3362084
151,4104053
151,4817469
151,6052661
151,7128832
151,7781079
151,2586088
151,543775
151,208213
151,1685734
151,2978151
151,3155433
151,3607526
151,3913940
151,4299527
151,4567162
151,6773479
151,2363574
151,2597899
151,6079290
151,6293983
151,9541
151,2329104
151,2880459
151,3154795
151,5205682
151,8306172
151,9090998
151,3446905
151,4507603
152,615827
152,3836830
152,979706
152,849713
152,8430948
152,848133
152,4335193
152,979678
152,849693
152,6560205
152,849705
152,615745
152,848097
152,3646851
152,4472486
152,7761980
152,4899631
152,1566789
152,849734
152,848104
152,849728
152,615760
152,982736
152,6039931
152,615821
152,5350983
152,4682669
152,5164125
152,849573
152,849754
152,849003
152,6062035
152,6062552
152,4957384
152,848106
152,849703
152,849751
152,101437
152,615735
152,979606
152,982735
152,1566776
152,615812
152,848137
152,849586
152,7761722
152,849564
152,849717
152,849718
152,4482870
152,615810
152,3663425
152,4480761
152,6561018
152,615781
152,615816
153,1666953
153,2110603
153,2746588
153,3990822
153,8999423
153,2369027
153,8608251
153,6644189
153,4032
153,4600918
153,4654062
153,3303352
153,1666954
153,1764064
153,8608181
153,2394385
153,2368542
153,3634071
153,304045
153,1907245
153,4298972
153,5253106
154,4911069
154,3518539
154,3166485
154,9717925
154,3175647
154,3182221
154,5866657
154,599
154,7288926
154,2651059
154,5461791
154,6038655
154,8539219
154,5725170
154,3246224
154,9151024
154,1710258
154,3517841
154,5724768
154,2371465
154,4038780
154,3162575
154,8603075
154,9783603
154,1399015
154,8259754
154,9523250
154,4928087
154,3154857
154,8539934
154,8942660
154,3612346
154,3615187
154,9090574
154,7780757
154,8883686
154,1809916
154,1910938
154,7058506
154,4687973
154,8539462
154,1809917
155,2917442
155,2341
155,7829765
155,1858465
155,2008287
155,1582362
155,8909346
155,1681156
155,4113274
155,3517109
155,1047322
155,1402994
155,3679590
155,4161024
155,15505
155,3517626
155,3800237
155,4117331
155,4556501
155,8587358
155,3507426
155,1271466
155,2089703
155,4115640
155,4039692
155,4036636
155,3633595
155,4356229
155,4118441
155,4469807
155,3614507
155,4084412
155,6626159
155,3022272
155,3625036
155,7950485
155,9782151
155,2102742
155,3440531
155,2672294
155,3440757
155,4039362
155,4157545
155,1778734
155,2105919
155,4160241
155,1587630
155,2915790
155,4386690
155,1671043
155,5981428
155,6127039
155,2369
155,1626068
155,2673382
155,6128641
155,2004508
155,5782647
155,9280989
155,611840
155,3528839
155,5197733
155,7177932
155,1867442
155,1868180
155,2531378
155,3360091
155,4037696
155,8168610
155,1388280
155,3039576
155,4113066
155,1459863
155,1982350
155,3144071
155,3165752
155,3773933
155,8356662
155,3480892
155,17299
155,1475171
155,2559374
155,3274896
155,754833
155,1271676
155,3773415
155,7649967
155,1588397
155,2545582
155,2587679
155,6324914
155,6707253
155,1689581
155,7310392
155,3502383
155,3516923
155,5331673
155,3039217
155,3401846
155,8202863
155,6648185
155,4120597
157,2142923
157,2599432
157,3173826
157,550496
157,8848084
157,6339805
157,4399834
157,1658594
157,3229632
157,6012292
157,4837585
157,4911131
157,8942887
157,5195843
157,6013615
157,6603511
157,7244579
157,8570697
157,3067833
157,5121000
157,2974175
157,3782064
157,5833790
157,3197020
157,2616123
157,4809339
157,9104186
157,8789442
157,12277
157,5184737
157,5195111
157,7186999
157,2900136
157,5625189
157,3173872
157,3529133
157,4035768
157,5677156
157,1244652
157,6467947
157,6617167
157,9757783
157,2900759
157,5553463
157,3224378
157,8789505
157,3220655
157,3300090
157,4505127
157,1846998
157,4108524
157,4669013
157,4020999
157,4122976
157,1399204
157,8120403
157,3643009
157,24867
157,7530597
157,386295
157,741795
157,1006900
157,6536428
157,3069340
157,3783270
157,5121571
158,3008022
158,5676682
158,7982988
158,4957157
158,7364985
158,6473780
158,3777581
158,8996354
158,1444011
158,4387347
158,9609024
158,4156803
158,1254806
158,2530822
158,3383522
158,7222000
158,9609209
158,194499
158,1722537
158,4127582
158,1587734
158,3247656
158,1993479
158,3777895
158,4994974
158,7177235
158,9169364
158,1723981
158,8863423
158,2768583
158,3987434
158,4125728
158,1600217
158,1829863
158,1425928
158,3252042
158,3814338
158,4386547
158,5206183
158,9522464
158,310926
158,6056836
158,8876250
158,3847392
158,4037752
158,3252281
158,3808428
158,1923362
158,1425923
158,3439727
158,7386725
158,7506734
158,1425855
158,1829858
158,5602017
158,6480193
158,9117236
158,5331952
158,6472088
158,9685903
158,7995209
158,5071597
158,5330769
158,4589735
158,4645739
158,8996355
158,151899
158,4126982
158,7824082
158,8552577
158,4027849
158,5239473
159,1042145
159,2388890
159,2979509
159,4354690
159,5075288
159,1201011
159,1661959
159,4037105
159,6629273
159,7690554
159,33317
159,2588698
159,4600852
159,7084372
159,8049660
159,8054630
159,4052622
159,6187189
159,2622569
159,3309383
159,828433
159,1614541
159,2983596
159,3491999
159,7868262
159,8049640
159,9527845
159,1982660
159,4818036
159,8112304
159,4100017
159,4128482
159,4825646
159,8112964
159,8981798
159,1977670
159,8112202
159,1614606
159,3624371
159,6165088
159,1389042
159,2486394
159,2587588
159,3695370
159,4052550
159,5480573
159,3559913
159,6065865
159,6601297
159,1768444
159,8354483
159,33254
159,8352920
159,1874951
159,8112692
159,1927673
159,2062649
159,2360336
159,3309560
159,1876350
159,8937228
159,9281255
159,1200787
159,4146199
159,5990871
159,195215
159,2338636
159,3327648
159,3385161
159,3623223
159,4687398
159,6383406
159,8112247
159,1200584
159,1850692
159,6505534
159,8113010
159,8937837
159,9628538
159,681170
159,7124034
159,7124660
159,8355696
159,5180150
159,1856913
159,1900098
159,4639418
159,12737
159,1768129
159,3050884
159,4130501
159,5556203
159,5604685
159,8112452
159,1200634
159,3895550
159,6384645
159,2267890
159,4130936
159,7681476
159,4856347
159,7483035
159,8625361
159,17107
159,1214920
159,1768656
159,9628483
159,599099
159,2527896
159,3166782
159,7124155
159,8624913
159,2062575
159,2115379
159,2606298
159,6187684
159,6991862
159,9628356
159,3180898
159,3275848
159,4959335
159,7497825
159,6629288
159,9629028
159,1614997
159,2585896
159,4856098
159,5467680
159,1857552
159,6629274
159,9629126
159,3770525
159,4639389
159,5601617
159,7691751
159,8447374
159,5029931
159,5556545
159,6186816
159,8049778
159,8624047
159,1389246
159,4812863
159,6708843
159,9629759
159,6990592
159,1605007
159,5862719
160,4131804
160,1417165
160,2533438
160,2545491
160,2625278
160,4588520
160,4918790
160,5646774
160,6597454
160,1831414
160,2030659
160,6528926
160,1416625
160,7865412
160,9068192
160,218986
160,1416680
160,1831418
160,150200
160,1417202
160,1417299
160,1745744
160,1942580
160,4038250
160,6536620
160,1270894
160,856396
160,2976840
160,1748388
160,1831417
160,1875970
160,3522643
160,5789385
160,1831411
160,1831412
160,1831413
160,1967161
160,5191111
160,8641972
160,5191423
160,8177144
160,8922358
160,2341528
160,5569381
160,8046876
160,10936
160,2365949
160,4485548
160,4810090
160,1592490
160,1613162
160,3472284
160,1860707
160,2670034
160,6539312
160,8640542
160,1615406
160,1981292
160,2533763
160,1417295
160,7012693
160,7695495
160,8119985
160,6738817
160,8118949
160,2502240
160,2559506
160,6529633
160,6529996
160,2603424
160,4911984
160,1831419
160,9153817
160,3068030
160,5789377
160,1743598
160,2573126
160,3068719
160,5948721
160,6060788
160,6708939
160,2654651
160,1410026
160,5190009
160,5576848
160,1270859
160,5949999
160,6938233
160,8640518
160,1947926
160,4135190
160,3444762
160,8119004
160,9091539
160,1678155
160,1702911
160,5288387
160,20772
160,150890
160,1709439
160,2611557
160,3069782
160,3411102
160,3784791
160,4864479
160,6528502
160,8334318
160,2141993
160,2348996
160,7610712
160,3785845
160,1966093
160,4161789
160,6620663
160,8629663
160,1791409
160,2503523
160,3621661
160,5314671
160,5315030
160,8593857
160,9570551
160,4035278
160,4112245
160,8119339
160,1534699
160,2409347
160,5782247
160,6065323
160,150169
160,2532203
160,2588506
160,3231125
160,3429379
161,1237000
161,1954006
161,2630650
161,5579020
161,7031020
161,8978348
161,63221
161,4086179
161,4307779
161,5762791
161,1418344
161,3462571
161,3998502
161,6166049
161,9245441
161,9312019
161,2043318
161,2358546
161,3629480
161,3898264
161,4117859
161,4824610
161,6234130
161,7165585
161,1020637
161,1952899
161,4144395
161,5230925
161,5592129
161,6641757
161,7951589
161,1020198
161,1752010
161,2970503
161,4975127
161,7863818
161,8575636
161,1891449
161,1928742
161,3188329
161,3469111
161,4595111
161,9248960
161,3630430
161,4421360
161,5603484
161,1721602
161,1897665
161,1899973
161,2565883
161,2629992
161,3366105
161,23433
161,1282810
161,2531407
161,4369693
161,5343727
161,1179704
161,1951488
161,2629692
161,4823503
161,565426
161,851174
161,1892132
161,3435904
161,3068086
161,3228679
161,2520741
161,2569558
161,3144463
161,3242942
161,4370677
161,4370881
161,302294
161,490139
161,3909782
161,4308269
161,4989238
161,5342265
161,1953862
161,3040678
161,4038239
161,4475708
161,6262267
161,6409568
161,8892642
161,540600
161,4138281
161,4486078
161,5028779
161,5229564
161,5592326
161,8128872
161,8592420
161,1702482
161,3435635
161,3475985
161,3647496
161,3702124
161,4036644
161,4307407
161,4898138
161,5029863
161,6116020
161,1316527
161,1412027
161,1601281
161,1720491
161,13254
161,1960464
161,3181721
161,4974218
161,7617072
161,6263
161,1702492
161,2676267
161,960412
161,1602414
161,1702382
161,2881961
161,5215873
161,2148566
161,4005183
161,4114705
161,4650608
161,5763752
161,6101444
161,2067117
161,2359184
161,3703206
161,3839399
161,3999467
161,6506184
161,960044
161,1115957
161,2044279
161,2587911
161,3721299
161,3999588
161,4369182
161,5262201
161,8497328
161,2042504
161,2068311
161,2565754
161,4841531
161,1955968
161,2628521
161,2730505
161,5762130
161,6115231
161,6559638
161,8826353
161,851275
161,1282660
161,1703071
161,2148206
161,3469496
161,3753414
161,3999023
161,5262986
161,6326062
161,6434998
161,7512938
161,7863830
161,8394844
161,2970777
161,3877420
161,4475496
161,5262009
161,5558807
161,5763594
161,8539825
161,2039495
161,3998907
161,6582134
161,8768073
161,9551974
161,1041137
161,1229548
161,1601664
161,1603529
161,1762837
161,1872975
161,2046531
161,4907201
161,8395813
161,3908472
161,5232996
161,5342848
161,8979876
161,1282620
161,1584596
161,1954831
161,2089189
161,4475394
161,4862253
161,6088639
161,6690996
161,7031259
161,7617772
161,5343722
161,7616202
161,7617827
161,8893454
161,2485336
161,4137634
161,5850281
161,7188099
161,8271665
161,8893764
161,3191001
161,6511223
161,8917470
161,1860689
161,4821325
161,5445456
161,5871674
161,1020338
161,4536033
161,7822430
161,9219716
161,356986
161,2631725
161,2944712
161,3681518
161,4261092
161,4595558
161,7603236
161,8166550
161,3775833
161,6299971
161,2350754
161,2521197
161,2943382
161,3628870
161,5791254
161,8139933
161,8840889
161,9551403
161,147637
161,540875
161,2882262
161,2993954
161,3189894
161,4138317
161,5262670
161,5287390
161,5448768
161,3754094
161,4137419
161,5592135
161,5681264
161,8174878
161,1897918
161,7189755
161,8465898
161,8893038
161,8917186
161,1020089
161,1751051
161,3630923
161,7190159
162,24351
162,5264852
162,753837
162,6320479
162,2532050
162,4001638
162,7726949
162,8336429
162,1153714
162,1384860
162,1881602
162,6465511
162,1874522
162,150940
162,1828403
162,6276147
162,7364484
162,3518107
162,3628100
162,7746541
162,4918928
162,3951887
162,6629434
162,9145455
162,4132327
162,8169044
162,1828408
162,2315203
162,1595186
162,7572556
162,4839280
162,5696493
162,5920604
162,6905283
162,7727461
162,1878519
162,5453073
162,6221184
162,9681591
162,6004025
162,1604976
162,3328435
162,3490419
162,5498186
162,5590397
162,1599352
162,2591895
162,5131391
162,3502044
162,1560581
162,5452181
162,7727846
162,4352
162,3007114
162,8570932
162,4403694
162,5205670
162,757026
162,3160505
162,1943607
162,5612901
162,9528215
162,1153631
162,8327093
162,3145229
162,3897964
162,8571252
162,172861
162,2903256
162,7012346
162,172771
162,1413438
162,1100
162,7995001
162,1704346
162,6224012
175,6822912
175,4810553
175,5125852
175,5618380
175,6928162
175,8160205
175,3182004
175,3998203
175,5125593
175,6940254
175,1814558
175,4681937
175,5125847
175,5125936
175,2504142
175,5183344
175,6157306
175,1031809
175,5004994
175,5007212
175,5618867
175,7169145
175,3146781
175,5126111
175,1864741
175,2358814
175,5158140
175,6489589
175,7420339
175,1031456
175,1864766
175,5011555
175,8441072
175,5732137
175,7216410
175,1864768
175,1864771
175,4504914
175,5460954
175,5481678
175,7353393
175,834751
175,5128319
175,7168469
175,9321023
175,7353555
175,5127642
175,6995428
175,7230553
175,981909
175,4955261
175,5008542
175,7897001
175,5007977
175,5619725
175,1864753
175,6036478
175,4637996
175,4860488
175,5007506
175,5127612
175,6646228
175,5162169
175,5460749
175,8014010
175,8161524
175,1031431
175,1864770
175,5159124
175,5460952
175,5481876
175,5732066
175,9728937
175,5481937
175,1864774
175,7421555
175,8104168
175,8441982
175,5007179
175,5161697
175,5619559
175,7739165
175,2619057
175,1913339
175,5008458
175,5365918
175,5460904
175,7059966
175,7896505
175,5126857
175,5460226
175,5159274
175,5907477
175,1265754
175,4150724
175,6946114
175,8564550
175,3896882
175,5006421
175,4293953
175,5008467
175,6097569
175,5126090
175,5773627
175,7231731
175,5618273
175,5774077
175,3700449
175,5162525
175,5164898
175,5364691
175,5773637
175,7624235
175,7896287
175,5163663
175,5182832
175,7230603
178,1832680
178,2685637
178,6419335
178,8689271
178,8689957
178,1108750
178,4141715
178,4433356
178,9745461
178,1287303
178,7226433
178,2918049
178,6216444
178,2615685
178,5801290
178,3276964
178,3975329
178,2490327
178,3975340
178,4406389
178,5215751
178,5832375
178,8515779
178,5827787
178,1672684
178,3772547
178,5655472
178,2378747
178,3607831
178,1287289
178,1832559
178,6957235
178,1947751
178,5558148
178,2635825
178,4420147
178,1832674
178,1981440
178,2977472
178,4143623
178,4503034
178,5802519
178,7482763
178,1910399
178,5597393
178,1399071
178,3232209
178,3048783
178,3193818
178,7693006
178,8284231
178,8689278
178,2992046
178,4502496
178,4839014
178,6693656
178,1673518
178,2498029
178,2660749
178,1596963
178,4082161
178,5430331
178,5315230
178,6572018
178,2373683
178,5443494
178,3184243
178,4129791
178,1672745
178,5832637
178,8223947
178,8284322
178,1487924
178,1573334
178,4953244
178,9098044
178,3274772
178,3611027
178,10807
178,2497562
178,4928675
178,5828259
178,5832431
180,5862339
180,8278516
180,7110616
180,3606989
180,5402137
180,8279511
180,5400289
180,9795434
180,5400646
180,8279476
180,3751797
180,4103624
180,7222557
180,7222647
180,8278476
180,8278775
180,5401312
180,6620723
180,5401244
180,8279383
180,8278605
180,5401020
180,4570198
180,4052058
180,5401952
180,5862977
180,7222120
186,6369169
186,5471491
186,4294306
186,7413546
186,6248575
186,5078971
186,3475800
186,8896675
186,8974605
186,5069725
186,3951180
186,8975868
186,4988420
186,6925508
186,4294163
186,4422726
186,7334217
186,5280628
186,6925501
186,2401853
186,70956
186,4824975
186,5302578
186,1509167
186,7856454
186,6369301
186,4570904
186,7856416
186,802262
301,2352083
301,3953093
301,5558023
301,1385373
301,1848514
301,1895149
301,3497816
301,4988597
301,7603433
301,8491216
301,3998705
301,4821229
301,5924346
301,7322764
301,1895889
301,5467494
301,6328456
301,7711927
301,8332850
301,1616104
301,1865480
301,1952680
301,3387618
301,6030878
301,6283371
301,1896927
301,4177198
301,3755482
301,7067073
301,8575074
301,1615898
301,2520259
301,3775120
301,3775221
301,1707966
301,1891857
301,6283481
301,6324818
301,8496475
301,1580251
301,6326117
301,3387578
301,10636
301,1895591
301,8911490
301,1893254
301,6328981
301,9543530
301,2353995
301,2389067
301,3215637
301,3435240
301,1792846
301,1890848
301,2641421
301,5503156
301,8219435
301,9178824
301,4203632
301,6999762
301,8218659
301,9809046
301,3365419
301,5889176
301,6286288
301,6328315
301,6824522
301,1707917
301,486411
301,4650453
301,4821421
301,4841557
301,6323913
301,315848
301,1787401
301,4907446
301,3188150
301,4841830
301,7148055
301,2351584
301,4035512
301,7508051
301,8129962
301,2321
301,1587335
301,5593719
301,5763519
301,8218082
301,1894560
301,3721787
301,6641306
301,8107847
301,3434843
301,9542884
301,1637647
301,4257337
301,5240640
301,6160105
301,8218340
301,9178103
301,9542803
301,1296014
301,1296746
301,1895119
301,1896897
301,5111823
301,1587314
301,1747230
301,4421285
301,6536750
301,6890110
301,4396830
301,6506119
301,6534449
301,62255
301,1596328
301,1895523
301,5028875
301,6035597
301,485007
301,485721
301,1616044
301,1896691
301,1952094
301,6116013
301,6409457
301,6506658
301,5979553
301,8706698
301,9800419
301,3517597
301,3899462
301,4308278
301,6890722
301,6891828
301,7161
301,6328342
301,1707927
301,4630848
301,6328319
301,6507372
301,7603402
301,1890841
301,3150648
301,8893238
301,1616054
301,2632402
301,2970778
301,4863998
301,7845369
304,850878
304,3038866
304,3914594
304,649481
304,825241
304,941890
304,4876324
304,5281557
304,5556061
304,8873042
304,18023
304,1748821
304,1875225
304,2532245
304,7943238
304,1875576
304,4616122
304,4945492
304,7868336
304,62758
304,683912
304,301993
304,2651252
304,7319237
304,8753383
304,8980892
304,9094903
304,2486236
304,2982521
304,4843276
304,4874921
304,5076514
304,8447222
304,8157903
304,8750008
304,146319
304,6464143
304,7769791
304,4079404
304,4557048
304,5150757
304,4910863
304,5279575
304,825188
304,3069954
304,9249915
304,9524403
304,302194
304,302687
304,960840
304,3947419
304,4434425
304,6847771
304,7857592
304,685305
304,2267217
304,3973918
304,4860018
304,851231
304,3032472
304,6990965
304,7771100
304,7950662
304,8624186
304,758047
304,4080170
304,9294091
304,1900132
304,1975789
304,3385499
304,3605423
304,3624952
304,6116075
304,6384258
304,8331251
304,4451232
304,7124624
304,464933
304,851297
304,2589589
304,3171774
304,464537
304,1926073
304,6464401
304,2022406
304,7854590
304,20941
304,464456
304,7828405
304,2315361
304,2898922
304,3005740
304,3783647
304,4457929
304,9684490
304,465203
304,2532828
304,3768412
304,1748677
304,1904997
304,3032457
304,4987678
304,5180525
304,5181858
304,8601799
304,941893
304,2317176
304,2531216
304,5289334
304,6383420
304,9106845
304,825203
304,2552219
304,3385420
304,9809500
304,302238
304,941864
304,3385416
304,4294064
304,7768088
304,8054813
304,1365777
304,8882644
304,9707228
304,1344992
304,1365975
304,4825002
304,7434595
304,302403
304,2979330
304,3165986
304,3350274
304,3710784
304,8750061
304,8751708
304,9706848
304,9809490
304,3068633
304,5490476
304,302199
304,2266870
304,3826316
304,8054779
304,960776
304,1104728
304,1869555
304,2332952
304,960718
304,4298085
304,278450
304,851283
304,2505191
304,5600054
304,941882
304,2321450
304,2587811
304,2899370
304,2978849
304,5179440
304,5667709
304,6600232
304,7435817
304,1978191
304,2983102
304,5179275
304,10792
304,465189
304,960732
304,1761956
304,3528095
304,5607575
305,5597619
305,6607820
305,9715332
305,1365827
305,1892733
305,6087913
305,1301522
305,154477
305,1939452
305,2589028
305,3489830
305,3892548
305,6225903
305,4939157
305,6529243
305,7620972
305,9284348
305,1749764
305,3156996
305,6366620
305,3030769
305,3047927
305,4037407
305,9092237
305,17457
305,3608045
305,7228462
305,7241019
305,8221212
305,8249
305,1856252
305,3878598
305,4040190
305,6773354
305,9781012
305,2646546
305,4571639
305,3273394
305,3771744
305,7036224
305,8598804
305,9654554
305,1301560
305,2644603
305,3634203
305,339723
305,1849977
305,2931082
305,4103913
305,227664
305,3887040
305,4493498
305,8255115
305,524920
305,4101627
305,4113382
305,1367988
305,3684408
305,4107103
305,5304330
305,8446796
305,1551831
305,1617854
305,1210611
305,1998472
305,3692935
305,2587514
305,2655438
305,4795925
305,2628782
305,2887350
305,4522386
305,4727534
305,8139130
305,8790912
305,4158305
305,5659622
305,6251444
305,8258345
305,9781722
305,1556029
305,1760789
305,3472556
305,933157
305,7186985
305,8761764
305,9333100
305,1866148
305,7245989
305,9033749
305,5013219
305,9524589
305,11684
305,1708769
305,4038442
305,5157281
305,1318219
305,3248153
305,4151104
305,620897
305,1549620
305,6084901
305,9522884
305,2607827
305,1928055
305,1850133
305,3174326
305,4980525
305,1879390
305,7434991
305,6293277
305,10499
305,2640693
305,4038700
305,6836753
305,9092235
305,119407
305,3606881
305,4932273
305,5287234
305,1749265
305,1844348
305,2585495
305,3470892
305,6957984
306,2631297
306,4119078
306,1689430
306,5680936
306,9170919
306,1590562
306,2103421
306,5721574
306,8410876
306,8600992
306,9179925
306,2994748
306,6077043
306,2325867
306,7324392
306,8587043
306,8872861
306,4648373
306,4647547
306,2483223
306,2611941
306,1939292
306,4475178
306,5576743
306,8980528
306,7715337
306,260460
306,3455816
306,7855949
306,1411731
306,1942318
306,2624981
306,5297459
306,4420913
306,5171674
306,9179974
306,1830193
306,1596789
306,4295314
306,6739154
306,8490109
306,1414047
306,5339768
306,5696291
306,6904073
306,1412845
306,3514199
306,5988074
306,5988163
306,9179975
306,2063962
306,3469904
306,7631149
306,3467758
306,5131200
306,2073741
306,2611571
306,2978982
306,3617878
306,4404720
306,1088759
306,3686691
306,4075979
306,5557091
306,345058
306,2335464
306,2613483
306,6247604
306,7151653
306,7994351
306,1612664
306,1879111
306,4971841
306,5577711
306,8248771
306,10686
306,2335018
306,4064537
306,7768756
306,2108066
306,3618153
306,2502984
306,7413349
306,466271
306,2677446
306,3169215
306,9692185
306,1413295
306,2032364
306,4975845
306,5029399
306,8600047
306,9248458
306,5920742
306,7192882
306,1412767
306,6294090
306,6925485
306,8893577
306,4972835
306,5445243
306,6103477
306,6433772
306,7071017
505,561927
505,561934
505,1290226
505,2312266
505,2641263
505,3634056
505,6103804
505,561926
505,4150970
505,4361471
505,7037883
505,8998404
505,9032856
505,3151341
505,3152689
505,5984311
505,8603489
505,227676
505,3826217
505,5667761
505,561936
505,2595650
505,4146318
505,4368925
505,4917869
505,1694120
505,3197557
505,4380587
505,6270440
505,8998374
505,1680467
505,2552235
505,5350144
505,1367406
505,3367277
505,4690513
505,7604657
505,8998537
505,1023467
505,1561334
505,1662563
505,2616179
505,3676246
505,4038122
505,4860002
505,5607551
505,6464441
505,1088679
505,3011165
505,3826178
505,3918151
505,4428414
505,304766
505,2143452
505,2312705
505,3155948
505,3749506
505,4041682
505,4637509
505,5311965
505,5791166
505,6420482
505,8320839
505,561933
505,2124058
505,2595677
505,2888700
505,6081912
505,3048620
505,6687844
505,8998533
505,561919
505,2657524
505,3186316
505,4352196
505,5486821
505,8998334
505,9756659
505,566409
505,1680472
505,2396777
505,2909447
505,6197924
505,561944
505,3250598
505,5210418
505,5591439
505,1867281
505,3198238
505,3634499
505,5014204
505,5651991
505,7823362
505,8883061
505,1851433
505,1904090
505,2016168
505,8602281
505,423329
505,621889
505,801999
505,2336535
505,2535948
505,4353391
505,5311791
505,6626256
505,6688780
505,7067444
505,8014639
505,1290324
505,2973665
505,3276735
505,3438127
505,4861174
505,8539621
505,8998418
505,9150406
505,1391012
505,1936147
505,2643874
505,3186662
505,5666136
505,2129215
505,3438975
505,8059949
505,6687776
505,8608136
505,1886270
505,3400617
505,3619802
505,4040186
505,4942858
505,1862310
505,5194259
505,8255823
505,8998410
505,8998414
505,8998420
505,9150885
505,561928
505,3873048
505,8321054
505,561945
505,2399165
505,8316931
505,561922
505,8320406
505,8603663
505,1694215
505,1996183
505,4039957
505,8267146
505,8719
505,8872693
505,2643308
505,7753193
505,8998348
505,8998344
505,1398540
505,1886263
505,4335913
505,7975912
505,8203091
505,8998517
505,1755757
505,8998400
505,5050072
505,4050606
505,6975893
505,7993959
505,8200891
505,8998368
505,8998510
505,2650779
505,4113204
505,4262436
505,4638106
505,4897077
505,5013048
505,8882607
505,8998370
505,8998518
505,9150516
506,2585109
506,3616357
506,6205940
506,7254589
506,7649258
506,8061448
506,3402744
506,2523002
506,6559795
506,1724495
506,3363070
506,4420594
506,8443
506,305947
506,1877354
506,3790794
506,3704642
506,6279535
506,7513941
506,3617751
506,5989149
506,8211194
506,1879769
506,4132900
506,8416027
506,1428652
506,8175580
506,5254520
506,7254974
506,1053306
506,8525
506,3490175
506,5011063
506,706505
506,4856648
506,9586296
506,7868577
506,2336086
506,1748949
506,4039810
506,8464047
506,4404323
506,231803
506,1262772
506,3375751
506,2592853
506,6075279
508,4353664
508,9238295
508,9238716
508,1614577
508,2061638
508,3624190
508,1029539
508,6601392
508,8353119
508,9238368
508,1214902
508,2395683
508,3180545
508,3808955
508,5181599
508,4888027
508,4946488
508,5601786
508,8355105
508,9282955
508,4435189
508,5179208
508,6108114
508,6384318
508,8353141
508,2883223
508,8354387
508,9238648
508,1692897
508,1747332
508,4945434
508,1214650
508,3953125
508,8352782
508,1693014
508,3247281
508,4566461
508,4600799
508,5990788
508,598878
508,1693152
508,1693184
508,4674089
508,1214805
508,2326766
508,2530170
508,2530996
508,3481968
508,4129635
508,8352126
508,8353333
508,8354552
508,8937448
508,4158751
508,3180096
508,3529694
508,4435838
508,4600315
508,4856953
508,8353295
508,311584
508,1621430
508,9303702
508,1855623
508,4128236
508,4473386
508,5984007
508,5990617
508,7690890
508,8592563
508,5467257
508,6186342
508,6464105
508,7752496
508,8937347
508,4485418
508,5181893
508,5204974
508,2689307
508,6383156
508,9223355
508,6108807
508,8354979
508,3628351
508,5556843
508,599323
508,2053791
508,2666776
508,5601520
508,311732
508,598774
508,1693065
508,7681754
508,5121248
508,5181727
508,9239279
508,9294955
508,5601698
508,7233704
508,1200877
508,1902701
508,3309761
508,6223080
508,7325212
508,8353884
508,8355854
508,598852
508,1214915
508,5991670
508,6991856
508,7745325
508,7934457
508,2104920
508,1672094
508,4674831
508,4688095
508,6628211
508,1526178
508,4945931
508,5089352
508,8353032
508,3301783
508,4128466
508,4128886
508,311617
508,3006449
508,4639598
508,8352254
508,8937633
508,1693158
508,8352569
508,8355201
508,9238520
508,4674161
508,4700375
508,8936062
508,311357
508,4945193
508,6187282
508,8354129
508,8355520
508,33316
508,311436
508,5180087
508,8936798
508,9280681
510,4652248
510,7302599
510,8459410
510,3837206
510,7306679
510,3174568
510,9166427
510,72006
510,4886730
510,979197
510,4899137
511,6939338
511,7758773
511,3645188
511,7220052
511,7220126
511,8842687
511,1017589
511,7610353
511,8164556
511,3663511
511,7581341
511,7309353
511,6698525
511,5222820
511,4459830
511,246411
511,4486652
511,1610247
511,7221831
511,5455957
511,6935673
511,5695960
511,9213580
511,1957562
511,7580732
511,9116529
511,3807665
511,4164741
530,8357801
530,3172615
530,4149172
530,8047967
530,3364608
530,4815610
530,7631782
530,6283
530,3360137
530,5659139
530,1873023
530,3708346
530,103522
530,1591342
530,3625375
530,3931907
530,4040260
530,1948035
530,6596105
530,4898002
530,8940097
530,8307291
530,1595303
530,5011577
530,1629025
530,3170107
530,5012835
530,4056056
530,4341587
530,1639834
530,3773073
530,9677479
530,3475317
530,1591724
530,4838431
530,5369354
541,1905837
541,3610923
541,3640312
541,653263
541,9318549
541,7186522
541,812751
541,1517606
541,1993170
541,4143770
541,6467592
541,7573028
541,6226173
541,4354059
541,1038974
548,4743594
548,6607232
548,2607415
548,4128986
548,4556626
548,9283633
548,669756
548,3248673
548,9527855
548,2594236
548,1341919
548,1598806
548,434120
548,2532431
548,1747851
548,679642
548,707115
548,2360681
548,2899691
548,4858384
548,8981190
548,2128725
548,4222524
548,686235
548,6601745
548,9560255
548,684955
548,6289995
548,8446182
548,2532907
548,3763739
548,551220
548,1131344
548,1344601
548,1559734
548,1615502
548,5467156
548,8722234
548,1607980
548,8593965
548,1833860
548,3529072
548,4987388
548,7767929
548,8447464
548,2621870
548,4052983
548,681575
548,2488264
548,7683800
548,2024648
548,6086563
548,7681055
548,676379
548,1131806
548,668729
548,3894950
548,278120
548,1747917
548,3875631
548,8330051
548,2588742
548,5339333
548,9295654
548,2891286
548,3567481
548,6223944
548,9618000
548,22839
548,3623796
548,3698288
548,6108402
548,3355057
548,676399
548,2004459
548,4298131
548,706650
548,3144446
548,1953595
548,4052408
548,8397974
548,675337
559,814918
559,8296965
559,1437368
559,8417965
559,9169561
559,1027394
559,815053
559,3875193
559,4458060
559,9745678
559,1982545
559,1886087
559,2492680
559,5777764
559,6467923
559,8417983
559,1027227
559,1825401
559,3427841
559,3605518
559,9169632
559,4832202
559,1027043
559,1934767
559,6159572
559,9157651
559,4955021
559,8877985
570,6473656
570,6772958
570,2656781
570,4458148
570,1205822
570,3807977
570,4341705
570,5602317
570,6117466
570,7604433
570,120508
570,4608454
570,8416210
570,8486524
570,8835945
570,1440305
570,4940672
570,3847671
570,6038210
570,6473036
570,2256812
570,5450311
570,8409381
570,5190366
570,4966283
570,6057721
570,453960
570,5834132
570,8134511
570,8915211
570,3056906
570,1349907
570,2894280
570,3176833
570,3704704
570,4995037
570,9310663
570,1440299
570,2356238
570,339807
570,3305774
570,3707617
570,7761888
570,8409857
570,2405722
570,3176112
570,1219994
570,2885549
570,3622913
570,5602651
570,7824813
570,3273905
570,4322501
570,314004
570,2672873
570,5194698
570,1510974
570,5382491
570,8997278
570,1922431
570,2585491
570,16830
570,1440304
570,8296787
570,7149365
570,9626344
570,1013668
570,1440298
570,9117986
570,1027195
570,6261253
570,1440301
570,6261148
570,4852985
570,4882698
570,7387940
570,5288598
570,6283213
570,6597418
509,2598359
509,8296789
509,8669219
509,8668259
509,6467679
509,5120929
509,9608219
509,3807309
509,7177848
509,4973878
509,4973598
509,7072348
509,7098467
509,8997577
509,8296807
509,7096567
509,7095137
509,7094557
509,673861
509,3611116
509,5210306
509,7095449
509,2647209
509,370294
509,1446679
509,1446669
509,1446659
509,1897378
509,8296828
509,8296808
509,8996338
509,7094598
509,8553
509,4124328
509,369778
509,4980377
509,8296826
509,8296806
509,7095975
509,6693585
509,369558
509,6182315
509,8688699
509,370195
509,6956459
509,1447268
509,8943718
509,8636948
509,2610217
509,2530676
509,4809715
509,370049
509,8296824
509,8296794
509,7095904
509,7094664
509,370248
509,7786074
509,6472794
509,1672724
509,8668404
509,9626233
509,432297
509,6190728
509,4606538
509,431376
509,5254717
509,431375
509,5748387
509,3345267
509,1570136
509,8669846
509,9757296
509,2648095
509,370054
509,4040135
509,370353
509,3229995
509,4529585
509,5825525
509,8668663
509,8668363
509,8668353
509,7379655
509,3978065
509,6774445
509,8669685
509,8668975
509,8668675
509,9168165
509,5417924
509,4001424
509,7097853
509,1897393
509,8296823
509,8296803
509,7096333
509,7787293
509,7786153
509,369737
509,8296791
509,7096071
509,7094791
509,1693061
509,3761274
509,293344
509,1939344
509,2337014
509,8669312
509,7557502
509,6257162
509,9744702
509,3344532
509,7934352
509,9626232
509,5120052
509,8513892
509,3810102
509,4690981
509,8688291
509,5184471
509,4674291
509,8668351
509,5364811
509,4364131
509,4554111
509,370236
509,7142033
509,6039783
509,1517381
509,1897390
509,8296820
509,7095350
509,7094850
509,7094110
509,5677950
509,8316553
509,8609923
509,7604063
509,7097542
509,8296822
509,7095222
509,7786392
509,4385342
509,432128
509,370227
509,8669740
509,7449100
509,7142380
509,5834560
509,4124530
509,1907420
135,2594299
135,8188559
135,6080119
135,5179169
135,7722809
135,1622419
135,1174058
135,2363428
135,3462518
135,2262168
135,7507498
135,2004448
135,6082197
135,4979977
135,4979217
135,8759197
135,5233817
135,4932507
135,2597569
135,1984799
135,3682089
135,6065559
135,4145999
135,4145599
135,6513519
135,6512439
135,3162088
135,4361948
135,4361278
135,3156408
135,4855418
135,6693567
135,1973567
135,3171747
135,1970707
135,1241757
135,6739757
135,8922917
135,2636929
135,3174198
135,4145468
135,4144028
135,3742378
135,2140678
135,3235938
135,8189407
135,8689167
135,3488627
135,8188317
135,6078547
135,8758467
135,8758317
135,3155357
135,6618317
135,8689016
135,6082366
135,2642756
135,3742066
135,8786969
135,1858219
135,2597948
135,3196638
135,6293938
135,6986868
135,6513068
196,1798059
196,4997259
196,314799
196,5190229
196,101598
196,7864449
196,7864289
196,4160759
196,2760609
196,6060449
196,1748969
196,1947429
196,7599199
196,5498969
196,7598699
196,814498
196,4858989
196,8834009
196,4431709
196,8792638
196,7692618
196,5191138
196,5289848
196,5789448
196,7493979
196,4588919
196,4588669
196,7683229
196,3770529
196,6967479
196,6967179
196,7557659
196,5314909
196,6909139
196,5608439
196,5369058
196,4367228
196,3166168
196,2585699
196,5078519
196,7677359
196,4369979
196,7365489
196,7556789
196,5756369
196,6224179
196,4918929
196,8417429
196,5694138
196,7557528
196,8343839
196,6841319
196,7599538
196,8499028
196,2098448
196,7598358
196,5698258
196,4996978
196,3896928
196,1881208
196,3476988
196,5676738
196,6060368
196,9116658
196,1615998
196,8914358
196,438481
196,5912948
196,3012728
196,6256948
196,5454918
196,3153568
196,7012348
196,1810858
196,6908018
196,4508008
196,3885627
196,2585017
196,8171538
196,4770478
196,1626898
196,6026798
196,6026448
196,1625258
196,7524928
196,6276907
196,4972257
196,3470187
196,598276
196,9712458
196,6400108
196,6698687
196,8296357
196,3896027
196,3193797
196,8793377
196,3692157
196,1889447
196,4989307
196,5453707
196,1749537
196,5948797
196,5646507
196,7647358
196,7647208
196,16841
196,7841128
196,7739428
196,3529517
196,3529467
196,6225517
196,7221977
196,6096626
196,3595536
196,7864427
196,6560117
196,7556327
196,3055217
196,8915957
196,9712317
196,3444067
196,2142427
196,7103977
196,2103347
196,6502777
196,8700887
196,7200357
196,6698866
196,7598426
196,6698226
196,6698156
196,6159866
196,7840507
196,7840317
196,2338627
196,814673
196,1884506
196,9074946
196,3774856
196,2073666
196,5191256
196,2589176
196,9570586
196,5070186
196,183066
196,7865556
196,3362616
196,8361716
196,2625636
196,7647176
196,8342566
196,1941196
196,1740716
196,306664
196,7738586
196,1738446
196,974463
196,3401596
196,6698485
196,1798125
196,4997085
196,5684
196,8022256
196,3516586
196,4687745
196,1484955
196,7683185
196,2082105
196,6466005
196,7865515
196,7864485
196,11564
196,7759045
196,7611117
196,2409977
196,8834886
196,5132856
196,6731816
196,3230966
196,8229756
196,6627566
196,2504196
196,1880685
196,7556015
196,5455865
196,441955
196,5453965
196,8249485
196,2547195
196,6159756
196,6256626
196,9056616
196,9156526
196,1255026
196,6208126
196,5875035
196,3374495
196,9074435
196,7672615
196,9571495
196,305957
196,7646535
196,418253
196,20531
196,9230845
196,4127405
196,2625105
196,3822635
196,1872554
196,9272024
196,8571764
196,8170404
196,3068994
196,4505145
196,814650
196,7599364
196,8560094
196,3056824
196,3055594
196,1255184
196,550245
196,4158175
196,2639395
196,7738035
196,4134505
196,7610455
196,4996854
196,2594704
196,7293924
196,3490084
196,4134494
196,4133844
196,2027044
196,5368975
196,5468585
196,6617765
196,1017765
196,7012085
196,4511085
196,2610875
196,754348
196,4485344
196,814348
196,2678884
196,1677434
196,3950914
196,7647884
196,7647554
196,7647314
196,3854164
196,6005904
196,6004674
196,6004224
196,2002534
196,3402094
196,6698813
196,9598453
196,7598023
196,8997143
196,4996953
196,7696663
196,6194083
196,4819194
196,4919144
196,3617594
196,754441
196,8414734
196,4511014
196,7610724
196,5310584
196,3009464
196,3847933
196,2347373
196,3444783
196,7841423
196,2681503
196,5981263
196,1580433
196,5875073
196,7673313
196,4637433
196,8835673
196,4132173
196,4131313
196,4131033
196,8228853
196,8228373
196,1828303
196,8228233
196,3625853
196,8793903
196,5191733
196,2389493
196,8088963
196,8088143
196,1484963
196,1484433
196,14372
196,5471383
196,1862543
196,7557943
196,7556423
196,3456273
196,7556123
196,1254703
196,4652503
196,7599372
196,7598622
196,1798292
196,3823163
196,6221873
196,6418463
196,2115403
196,1115243
196,7567512
196,7365882
196,4865462
196,4864872
196,6061572
196,8561452
196,3661122
196,5760212
196,2341063
196,7012863
196,6709303
196,3706073
196,6276292
196,7672072
196,7670172
196,8229442
196,8229322
196,3149952
196,7647262
196,1700082
196,11199
196,7598941
196,1798091
196,4997691
196,5783311
196,3328462
196,183722
196,6728282
196,4127102
196,6225922
196,2623932
196,3522672
196,3719512
196,7572361
196,8171331
196,9570941
196,9570271
196,6966011
196,550016
196,2389002
196,16283
196,6680202
196,4919442
196,3517872
196,1812432
196,5210442
196,5710262
196,6709312
196,3507042
196,6503952
196,6061471
196,9057981
196,11256
196,4039012
196,7738132
196,6197151
196,5190661
196,5949671
196,6248001
196,8047821
196,3247521
196,7646751
196,1746031
196,2344611
196,2626181
196,8022691
196,6719321
196,9719151
196,6903381
196,9301571
196,7201291
196,1598470
196,1798130
196,4997800
196,5697260
196,6195230
196,1882771
196,3479731
196,4038121
196,3837841
196,4135521
196,8835051
196,8834721
196,2530811
196,8229071
196,3628781
196,3692610
196,1888610
196,1886620
196,4485950
196,6984680
196,1484640
196,5453011
196,6052421
196,5151381
196,6115351
196,4814201
196,9713121
196,7611741
196,3411551
196,7610501
196,6708951
196,6708601
196,6908111
196,9305301
196,3366610
196,7244381
196,7841611
196,4941231
196,2340381
196,3180120
196,4679610
196,9074790
196,9571540
196,133203
196,3432400
196,6194830
196,6194260
196,4057200
196,5456800
196,4856490
196,5455160
196,5452540
196,4851480
196,2348270
196,3231400
196,2531330
196,4529690
196,9327500
196,6224290
196,1963300
196,3161480
196,8561240
196,3602410
196,7581840
196,2545530
196,8343170
196,1242610
196,8337940
196,4134950
196,4120460
196,6719050
196,183501
196,2916590
196,5315340
196,4114790
196,2613820
196,5612440
196,1798299
196,6090879
196,6090429
196,4472249
196,3245569
196,5645189
196,5644209
196,4444119
196,1599589
196,5498669
196,2381519
196,8680779
196,2880649
196,7455119
196,1254709
196,3231769
196,2330559
196,6583189
196,305997
196,3166509
196,8458579
196,4468808
196,15868
196,4126269
196,8023409
196,3621959
196,8721819
196,1019219
196,4118469
196,6417249
196,9157148
196,3242139
196,2402629
196,400590
196,1798348
196,4997688
196,7673008
196,4972478
196,7672468
196,2264338
196,4159258
196,3258188
196,4020768
196,1619538
196,3018398
196,1617678
196,2516918
196,8915918
196,3514268
196,4813758
196,8213368
196,5912458
196,1556538
196,6450348
196,5310578
196,2605938
196,7003078
196,2587547
196,2585897
196,1485307
196,4485257
196,8865537
196,7672358
196,4734768
196,4131638
196,9231558
196,2623998
196,1275287
196,3172537
196,1966927
196,2341497
196,4899247
196,1798427
196,1798417
196,511879
196,2589617
196,1254407
196,4647797
196,2086008
196,3785908
196,3784018
196,7646758
196,5645058
196,4444338
196,3739668
196,4125407
196,5191956
196,8865307
196,3264287
196,3164087
196,7062527
196,8560267
196,8459047
196,7556827
196,7556677
196,3055537
196,9117447
196,1615867
196,8915687
196,1614157
196,2903917
196,5803077
196,4502367
196,6902087
196,7599146
196,6698576
196,1798266
196,1798056
196,7840847
196,7739717
196,3638587
196,8336537
196,4133827
196,1484606
196,7483526
196,7580416
196,1677586
196,3372916
196,7647676
196,5191126
196,5789516
196,1586886
196,1885606
196,2585176
196,8171386
196,5566556
196,3661686
196,8560876
196,3323506
196,5646556
196,7738036
196,8200516
196,1798255
196,1798055
196,4594235
196,1967045
196,6616436
196,8716306
196,2115856
196,2915246
196,5190425
196,8086835
196,7683955
196,7683555
196,6061195
196,4134066
196,8228616
196,2680455
196,5053525
196,895565
196,4858246
196,7556036
196,5454676
196,5253256
196,5569025
196,1746755
196,9230595
196,4428295
196,8327505
196,4126785
196,7726475
196,6967874
196,849646
196,2532535
196,3309155
196,7103495
196,1798294
196,1798254
196,1798204
196,1798054
196,6856394
196,7155854
196,4955144
196,1254464
196,8342055
196,2935855
196,6909975
196,6890154
196,1689454
196,2588844
196,3625724
196,3625394
196,5920345
196,8915375
196,4480114
196,4248994
196,5452764
196,6507124
196,7305284
196,5803184
196,1798293
196,1798263
196,1798253
196,1798023
196,7864024
196,7364014
196,1018904
196,8914844
196,9713924
196,9713214
196,5612304
196,2547033
196,7646014
196,4041034
196,119938
196,3474943
196,4131943
196,2593273
196,4889793
196,1889303
196,4386353
196,8571193
196,4163673
196,4860793
196,7825393
196,4824153
196,1923973
196,3323913
196,4020134
196,8459663
196,1255043
196,550035
196,3253423
196,2500463
196,1798022
196,4994042
196,3692962
196,7492492
196,5191832
196,8023253
196,441626
196,8561932
196,6061102
196,7557362
196,7841213
196,8641053
196,4037633
196,5612733
196,7309793
196,6503543
196,187527
196,7975932
196,7030402
196,3529512
196,1991232
196,1255272
196,1254762
196,484024
196,2146392
196,7244932
196,1943452
196,6698721
196,1798251
196,1798021
196,4886081
196,4485881
196,5326742
196,8022162
196,1721282
196,1620772
196,1920542
196,1019722
196,3373281
196,1885452
196,4481552
196,9011292
196,2610932
196,3008612
196,8561391
196,7557061
196,8255792
196,5041552
196,2032762
196,4996401
196,2389151
196,2588571
196,306015
196,7646341
196,133216
196,1019241
196,4603431
196,5002091
196,2101031
196,6698800
196,1798300
196,1798250
196,3979791
196,982117
196,2975961
196,9231241
196,2616441
196,9116071
196,8915041
196,7309901
196,6366740
196,3466150
196,8343531
196,2142681
196,8342261
196,3041681
196,3777240
196,1875590
196,6774270
196,9571740
196,9570480
196,5134120
196,7557330
196,5456930
196,5456250
196,7154990
196,2349850
196,5949270
196,3529360
196,4728790
196,3528230
196,5726950
196,3264640
196,8560360
196,6258730
196,3009050
196,858700
196,6005500
196,6902020
196,5501870
196,1884190
196,7739490
196,8135860
196,9117010
196,9116950
196,6114470
196,8914020
196,3811830
196,1611260
524,7188669
524,3775969
524,3166679
524,8750179
524,998194
524,5449399
524,3247109
524,9245889
524,9145799
524,9244949
524,5342769
524,19905
524,5603799
524,6502169
524,1901139
524,4297228
524,5448358
524,8636378
524,4711048
524,8610488
524,9586699
524,5281579
524,9773309
524,24972
524,3823319
524,3823309
524,9221449
524,9220939
524,1020809
524,1519309
524,8218739
524,6181378
524,20876
524,5231568
524,5325658
524,6723988
524,3823038
524,6622828
524,2321088
524,9219578
524,2882909
524,5282789
524,2628969
524,8827939
524,2027419
524,8015089
524,8413929
524,7512929
524,5709589
524,9245468
524,9245078
524,9344928
524,7744158
524,9340828
524,3165087
524,8464487
524,5763677
524,5449307
524,1547057
524,1746487
524,6410308
524,8409668
524,1705218
524,6004988
524,6202158
524,1900658
524,1900638
524,1900618
524,1900608
524,4295847
524,7715817
524,3410867
524,4104587
524,9102117
524,1900627
524,8999526
524,5448446
524,9245216
524,2544346
524,3344316
524,998599
524,187897
524,3274669
524,1762109
524,7661279
524,8060759
524,1630619
524,4907259
524,6388098
524,4751138
524,2586637
524,5875377
524,6773777
524,3770007
524,6368497
524,7567607
524,5471516
524,7869956
524,9663306
524,9662626
524,3614328
524,3932917
524,2531727
524,5330987
524,2530757
524,465172
524,20721
524,9220247
524,9220047
524,9221876
524,3720686
524,9220556
524,9220526
524,7619316
524,7313286
524,1007316
524,4072
524,4906444
524,3304304
524,1900664
524,1762066
524,4158726
524,7254346
524,5052216
524,2251686
524,3514595
524,8709645
524,2602855
524,1900645
524,5200555
524,4898394
524,5497694
524,2597234
524,5197084
524,17496
524,3793404
524,8893164
524,1787474
524,9783114
524,188647
524,8941426
524,187863
524,998862
524,4364735
524,7463405
524,1762195
524,4158345
524,5449085
524,585054
524,5748135
524,9245825
524,9245015
524,5342725
524,3640665
524,4035505
524,3932375
524,2331225
524,7030045
524,6325595
524,4124165
524,188668
524,1885836
524,5681976
524,7681526
524,188267
524,5273676
524,5602686
524,1900676
524,3094185
524,1294185
524,4989595
524,4085425
524,5681925
524,8979665
524,1661684
524,4959824
524,5558504
524,3152164
524,5451204
524,4148244
524,1896223
524,4595923
524,7195893
524,4594893
524,7691533
524,3490943
524,4381453
524,9771713
524,4971083
524,7567963
524,471936
524,4163513
524,4862713
524,1762133
524,1762113
524,1762093
524,3258233
524,4158183
524,3656643
524,2354883
524,4052223
524,8175344
524,3475014
524,998646
524,3069344
524,9663354
524,9663284
524,998828
524,6088772
524,1987072
524,5784212
524,6381582
524,2979332
524,5875782
524,188526
524,1762082
524,6752862
524,3848842
524,471824
524,8147132
524,7745292
524,4023905
524,9221325
524,9221255
524,4820845
524,3249153
524,9244723
524,9244373
524,4137303
524,2036623
524,4727903
524,6127493
524,12325
524,8722923
524,9221253
524,9221223
524,8221053
524,9220023
524,998131
524,5119723
524,6216803
524,6649753
524,7426112
524,4824722
524,9221802
524,9220822
524,9220802
524,9219972
524,9219732
524,9219512
524,1519142
524,4818942
524,2318342
524,3517972
524,6117752
524,3616892
524,3516422
524,4112292
524,8211572
524,5110812
524,471920
524,9245434
524,9244374
524,9341424
524,1740904
524,5230264
524,7228934
524,472142
524,4826434
524,8925874
524,4242
524,9221354
524,8221114
524,9221034
524,9220854
524,6115494
524,1647711
524,9245911
524,32143
524,188413
524,5231031
524,5414283
524,7411263
524,5110863
524,5110853
524,2103023
524,1301693
524,1900663
524,1900603
524,5199752
524,7198082
524,5297022
524,8395162
524,9244972
524,9244532
524,4843052
524,1638582
524,4138232
524,5933302
524,7132082
524,3164390
524,9662940
524,3360710
524,4060470
524,744805
524,3152650
524,1951710
524,1950210
524,9245910
524,9244800
524,9244740
524,8139260
524,6035920
524,5200702
524,1900602
524,4299651
524,7497761
524,7794471
524,8892191
524,5470591
524,4570141
524,7869251
524,4865221
524,8463761
524,1762371
524,2561011
524,7854101
524,6053781
524,1630170
524,5325730
524,9524650
524,9220250
524,3319720
524,998600
524,585200
524,8306170
524,5604050
524,1900630
524,1900620
524,997912
524,9221541
524,1519361
524,6617701
524,9217621
524,6115711
524,7714821
524,5011201
524,6108991
524,1900631
524,1900611
524,4595000
524,8394930
524,7794630
524,1894430
524,4689700
524,4085220
524,2979400
549,1450568
549,8344729
549,7102137
549,9011172
549,3157838
549,2000818
549,4039797
549,4816656
549,1097852
549,3660701
549,2994119
549,4919578
549,708423
549,8610048
549,2124537
549,7501124
549,6252521
549,9617617
549,3800212
549,7676501
549,5496686
549,8853799
549,1487265
549,2905217
549,2881223
549,3836417
549,2531115
549,709435
549,3612633
549,2034648
549,7686859
549,5916646
549,2662790
549,5054289
549,8248429
549,1747549
549,5369467
549,2857627
549,1557735
549,2640034
549,6697227
549,3068859
549,5612708
549,5655996
549,1893431
549,8357020
549,7406890
549,1863446
549,13616
549,984932
549,3142912
549,4424582
549,1478439
549,3343099
549,604955
549,3660724
549,7455177
549,5359093
549,5710060
549,1893397
549,710245
549,8118623
549,9608113
549,68
549,3641978
549,835575
549,660928
549,8539826
549,6957983
549,4816292
549,4851811
549,4879490
549,4857140
549,9570758
549,2391416
549,708469
549,7677234
549,4493226
549,5280811
549,679914
549,1402818
549,4127471
549,3897750
549,5280657
549,5747885
556,2961775
556,3676370
556,1615830
556,7761837
556,5919447
556,5774681
556,8360126
556,913614
556,2530517
556,2382003
556,1864733
556,2981669
556,3677068
556,4886847
556,3403157
556,913404
556,858303
556,5071435
556,6909783
556,5760952
556,86912
556,9627406
556,6063599
556,1758240
556,913247
556,849144
556,2109964
556,5309320
556,4126214
556,849191
556,550018
556,1205178
556,9527842
556,4589330
556,5761427
556,858596
556,9303935
556,4036891
556,6738289
556,4122489
556,1942315
556,5369991
556,124899
556,6063213
556,5493980
556,6673161
556,913408
556,4472604
556,9627401
556,6626440
556,5178759
561,933676
561,7677586
561,6082785
561,3235454
561,4354030
561,8112029
561,1051906
561,5985514
561,400328
561,1211271
561,3275708
561,3456508
561,1755117
561,4445330
561,801871
561,3039987
561,1210641
561,4648030
561,5756036
561,2070901
561,1852144
561,8175308
561,3145893
561,3334357
561,5991
561,2384034
561,2533700
561,5443823
561,5197851
561,11031
561,4082255
561,8853957
561,2915274
561,23570
561,817551
561,7254041
561,817183
561,3380507
561,8922567
561,10846
561,2251386
561,817527
561,2268699
561,2421549
561,2073884
561,7217441
561,3607711
561,5504021
561,863
561,3247505
561,6529473
561,2317792
561,7568226
561,1211289
561,4928328
561,427934
561,4100203
561,1242162
561,3876991
561,1546821
561,4433867
561,1518707
561,5603568
561,8412354
561,7834649
561,817155
561,6194271
561,4341959
561,694822
561,1211092
561,3375189
561,3147299
561,7497807
561,3823597
561,1998653
561,1211073
561,6208711
561,4433319
561,5293896
561,3850513
561,4816032
561,3195730
561,933466
561,438723
561,4300478
561,7164736
561,4473841
561,2497700
565,7420758
565,943972
565,943671
565,5915906
565,4556995
565,4307594
565,4728201
565,21118
565,6910201
565,6247770
565,5340690
565,8463369
565,942191
565,8394867
565,6890085
565,9135415
565,1955494
565,5448701
565,945502
565,3456398
565,1576227
565,6367997
565,1752367
565,8570586
565,1725046
565,4539085
565,5709895
565,5230083
565,1584782
565,1576342
565,5011379
565,943265
565,943264
565,7505762
565,945794
565,5339009
565,7412610
565,5471113
565,5490092
565,3680352
565,4420532
565,4140411
565,4136230
565,4060338
565,4998615
565,6558183
565,3403892
565,7031001
565,4979998
565,2350211
565,6924161
565,5557519
565,3619518
565,945366
565,6116686
565,20405
565,7695049
565,1890853
565,3516312
565,1731040
565,4037458
565,3188566
565,2337715
565,1576513
565,5873123
565,3775032
565,6622042
565,8916712
565,4898910
565,5988959
565,4035829
565,3502519
565,6366328
565,5191485
565,945732
565,1897582
565,1897042
565,1752322
565,8978359
565,4165198
565,5340824
565,5925839
565,6623106
565,4507955
565,2632784
565,5101904
565,1752543
565,4036951
565,3375850
565,4864170
565,293656
565,6558935
565,1952454
565,5763133
565,9537822
565,6292096
565,2389016
565,2970816
565,5200705
565,4975613
565,8559323
565,7857591
565,4813280
565,4108763
565,7977396
565,4122046
565,1576125
565,5264991
565,7509140
565,3994689
565,5281918
565,3719127
565,1995845
565,1080505
565,4823253
565,7154580
565,3203657
565,7856644
565,4420592
565,117007
565,1752268
565,8587155
565,4117434
565,6283082
565,5978670
565,4421349
565,1769108
565,6869197
565,4445636
565,454362
565,531342
565,942302
565,4822599
565,757887
565,3660148
565,4420358
565,1591727
565,4648376
565,6891393
565,4038093
565,1973182
565,7163612
565,3953200
565,4883605
565,6691412
565,4918080
565,8917010
565,1576188
565,3188807
565,1752320
565,381901
565,2049638
565,958280
565,942173
565,2906487
565,484115
565,3028230
565,6925800
565,7322668
565,9276197
565,8464017
565,9114083
565,7780330
565,9512680
565,3617418
565,5925893
565,4862859
565,8070538
565,1950468
565,7601858
565,1576537
565,4119245
565,3774744
565,1752524
565,5608604
565,943137
565,7154142
565,943720
565,2515919
565,4907329
565,3482856
565,8975536
565,1121696
565,945828
565,3692618
565,5178868
565,3372877
565,3403537
565,540461
565,7163894
565,3618382
565,8915428
565,7989806
565,5926975
565,3171008
565,6157447
565,4164504
565,4335354
565,3679173
565,1752513
565,6206607
565,9689215
565,7601193
565,8829230
565,9692029
565,3497037
565,3522535
565,754737
565,659625
565,9529042
565,7723581
565,1752319
565,4369467
565,3038496
565,6570581
565,1752281
565,4106471
565,1752569
565,5002979
565,942634
565,53911
565,1877877
565,4459727
565,8786965
565,293856
565,2045574
565,616111
565,944472
565,943832
565,6691432
565,8071362
565,2100139
565,4677698
565,2359468
565,3257258
565,9528716
565,2042584
565,4060330
,
,
,
,
